instance,problem_seed,structure_gap,ring_gap,random_mean_gap,inverse_structure_gap,structure_minus_ring,structure_minus_random_mean,structure_minus_inverse,structure_alignment,ring_alignment,inverse_alignment
0,900000000,0.40623712,0.37308987,0.37720691,0.35455065,-0.03314725,-0.02903022,-0.05168647,0.99917626,0.40876894,0.00000000
1,900010007,0.42204725,0.42161708,0.39266987,0.37637635,-0.00043017,-0.02937738,-0.04567090,1.00000000,0.39368966,0.00000000
2,900020014,0.49639945,0.52224497,0.50680782,0.47147669,0.02584552,0.01040837,-0.02492277,1.00000000,0.52006004,0.00000000
3,900030021,0.43307045,0.41568599,0.41746276,0.38393557,-0.01738445,-0.01560768,-0.04913488,1.00000000,0.29333351,0.00000000
4,900040028,0.37178516,0.36424820,0.36809495,0.36566170,-0.00753696,-0.00369021,-0.00612346,0.97775348,0.36898840,0.00000000
5,900050035,0.49034843,0.52269755,0.51462105,0.49729993,0.03234912,0.02427262,0.00695150,0.99951801,0.39984995,0.00000000
6,900060042,0.48087835,0.46834571,0.45791277,0.43013943,-0.01253264,-0.02296558,-0.05073892,0.98018512,0.27969309,0.00000000
7,900070049,0.48743139,0.52259417,0.49909046,0.49926570,0.03516278,0.01165907,0.01183431,0.99228683,0.66001707,0.00000000
8,900080056,0.53790836,0.54805695,0.52695946,0.49159136,0.01014860,-0.01094889,-0.04631700,0.99012214,0.54862836,0.00000000
9,900090063,0.45589720,0.44551740,0.45938976,0.47283908,-0.01037980,0.00349256,0.01694188,0.97525357,0.41363313,0.00000000
10,900100070,0.47915090,0.45502969,0.47142671,0.45953774,-0.02412121,-0.00772419,-0.01961317,0.97230298,0.22129930,0.00000000
11,900110077,0.50590694,0.49207523,0.49767895,0.48563155,-0.01383171,-0.00822799,-0.02027539,1.00000000,0.36072838,0.00000000
12,900120084,0.55447904,0.50587247,0.53424212,0.50963642,-0.04860657,-0.02023692,-0.04484262,0.95898165,0.57980792,0.00000000
13,900130091,0.55154487,0.53876776,0.51892981,0.55807654,-0.01277711,-0.03261506,0.00653167,0.97260717,0.55557299,0.03949054
14,900140098,0.47577622,0.46839378,0.46338456,0.44995215,-0.00738244,-0.01239166,-0.02582407,0.97183337,0.41060086,0.00000000
15,900150105,0.42520136,0.39227756,0.40823582,0.41731827,-0.03292380,-0.01696554,-0.00788308,0.97172039,0.50357183,0.00000000
16,900160112,0.52043224,0.46651553,0.52685273,0.53705286,-0.05391672,0.00642049,0.01662061,0.94274468,0.35286337,0.03743263
17,900170119,0.49928769,0.48421618,0.50638008,0.52659653,-0.01507151,0.00709239,0.02730884,0.93581031,0.33753633,0.00000000
18,900180126,0.49620285,0.49820952,0.49892028,0.50553560,0.00200667,0.00271743,0.00933275,0.99375289,0.77025483,0.00000000
19,900190133,0.52651962,0.50631495,0.51249631,0.43763262,-0.02020467,-0.01402331,-0.08888699,0.99431367,0.57558115,0.00000000
20,900200140,0.50293877,0.49803055,0.47284432,0.49180159,-0.00490823,-0.03009445,-0.01113719,0.98083858,0.28695053,0.00000000
21,900210147,0.45896571,0.46873524,0.45969242,0.47241703,0.00976953,0.00072670,0.01345131,1.00000000,0.30272225,0.00000000
22,900220154,0.56739743,0.51887309,0.57095618,0.59773216,-0.04852434,0.00355874,0.03033473,0.98091247,0.43083476,0.00000000
23,900230161,0.37469518,0.41232563,0.39548471,0.35873444,0.03763045,0.02078953,-0.01596073,0.99332206,0.54941896,0.00000000
